id	title	release_year	author	pages_start	pages_end
1	Finding Kansas	2008	Aaron Likens	16	122
2	Our Autistic Lives: Personal Accounts from Autistic Adults Around the World Aged 20 to 70+	2020	Alex Ratcliffe	10	156
3	Unbroken: Learning to Live Beyond Diagnosis	2018	Alexis Quinn	10	319
4	The Girl with the Curly Hair: Asperger's and Me	2013	Alis Rowe	13	206
5	The Secret Life of a Black Aspie: A Memoir	2017	Anand Prahlad	10	145
6	What I Mean When I Say I'm Autistic: Unpuzzling a Life on the Autism Spectrum	2022	Annie Kotowicz	6	72
7	Voices from the Spectrum: Parents, Grandparents, Siblings, People with Autism, and Professionals Share Their Wisdom	2006	Ariel Cindy, Naseef Robert	13	264
8	Carly's Voice: Breaking Through Autism	2012	Arthur Fleischmann, Carly Fleischmann	16	299
9	Sincerely, Your Autistic Child	2021	Autistic Women and Nonbinary Network	15	187
10	Spectrum Women: Walking to the Beat of Autism	2018	Barb Cook and Dr Michelle Garnett	11	179
11	A Blessing and a Curse: Autism and Me	2007	Caiseal Mor	11	210
12	The Spectrum Girl's Survival Guide	2020	Castellon Siena	8	143
13	How to be Autistic	2019	Charlotte Amelia Poe	12	98
14	Different, Not Less	2022	Chloé Hayden	10	153
15	Glass Half Empty, Glass Half Full: How Asperger's Syndrome Changed My Life	2005	Chris Mitchell	14	102
16	Too Much World How I Survive As An Autistic Girl	2020	Claire Murphy	5	137
17	Late Bloomer	2021	Clem Bastow	6	142
18	Fitting In	2016	Colin Thompson	11	227
19	Nerdy, shy, and socially inappropriate: A user guide to an Asperger life	2015	Cynthia Kim	10	134
20	On the Spectrum, Autism, Faith, and the Gifts of Neurodiversity	2021	Daniel Bowman Jr.	24	144
21	Thinking In Numbers: On Life, Love, Meaning, and Math	2012	Daniel Tammet	19	287
22	The Journal of Best Practices	2012	David Finch	8	134
23	Do Lemons Have Feathers?	2016	David J. Burns	10	89
24	Aquamarine Blue 5: Personal Stories of College Students with Autism	2002	Dawn Prince Hughes	17	148
25	Songs of the gorilla nation	2004	Dawn Prince-Hughes	17	240
26	Chasing the Rabbit	2015	Derek Volk, Dylan Volk	19	275
27	From another planet: Autism from within	2002	Dominique Dumortier	9	109
28	Nobody Nowhere: The Remarkable Autobiography of an Autistic Girl	1998	Donna Williams	13	194
29	Like Colour to the Blind: Soul Searching and Soul Finding	1996	Donna Williams	12	236
30	Everyday Heaven: Journeys Beyond the Stereotypes of Autism	2004	Donna Williams	9	177
31	Autism and the Myth of the Person Alone	2005	Douglas Biklen, Richard Attfield, Larry Bissonnette, Lucy Blackman	12	293
32	Living in Two Worlds: On Being a Social Chameleon with Asperger’s	2016	Dylan Emmons	13	205
33	Living the Good Life with Autism	2002	Edgar Schneider	11	127
34	Discovering My Autism: Apologia Pro Vita Sua (With Apologies to Cardinal Newman)	1999	Edgar Schneider	12	126
35	Leaders Around Me: Autobiographies of Autistics who Type, Point, and Spell to Communicate	2019	Edlyn Vallejo Peña	11	129
36	Chameleon: An Asperger's Memoir	2019	Elizabeth Crawford	10	181
37	Autism, Anxiety and Me	2016	Emma Louise Bridge	6	109
38	We're Not Broken	2021	Eric Garcia	5	136
39	Strong Female Character	2023	Fern Brady	11	168
40	Making Sense of the Unfeasible: My Life Journey with Asperger Syndrome	2003	Fleisher Marc	9	114
41	An Adult with an Autism Diagnosis	2017	Gillan Drew	4	95
42	Thinking in Pictures: And Other Reports from My Life with Autism	1995	Grandin Temple	16	243
43	A Real Person: Life on the Outside	2004	Gunilla Gerland	15	259
44	Feeling's Unmutual: Growing Up with Asperger Syndrome (Undiagnosed)	2004	Hadcroft Will	11	233
45	Born on the Wrong Planet	2008	Hammerschmidt Erika	13	125
46	Ten Steps to Nanette: A Memoir Situation	2022	Hannah Gadsby	6	350
47	The PDA Paradox: The Highs and Lows of My Life on a Little-Known Part of the Autism Spectrum	2019	Harry Thompson	7	98
48	Women and Girls With Autism Spectrum Disorder	2015	Hendrickx Sarah	11	167
49	Women from another planet	2003	Jean Kearns	12	204
50	Twirling Naked in the Streets and No One Noticed: Growing Up With Undiagnosed Autism	2013	Jeannie Davide-Rivera	10	125
51	Congratulations! It’s Asperger Syndrome	2003	Jen Birch	15	268
52	Shouting At Leaves	2021	Jennifer Msumba	6	105
53	Autism in Heels: The Untold Story of a Female Life on the Spectrum	2018	Jennifer O'toole	20	220
54	Atypical: Life with Asperger's in 20 1/3 Chapters	2010	Jesse A. Saperstein	8	87
55	Getting a Life with Asperger's	2014	Jesse A. Saperstein	16	143
56	Switched On: A Memoir of Brain Change and Emotional Awakening	2017	John Elder Robison	13	137
57	Be Different: Adventures of a Free-Range Aspergian with Practical Advice for Aspergians, Misfits, Families & Teachers	2011	John Elder Robison	10	132
58	How to Be Human: An Autistic Man's Guide to Life	2021	Jory Fleming	6	141
59	WHY DOES DADDY ALWAYS LOOK SO SAD?	2020	Jude Morrow	13	168
60	Loud Hands: Autistic People, Speaking	2012	Julia Bascom	15	404
61	Asperger Syndrome, the Universe and Everything	2001	Kenneth Hall	9	44
62	Under The Banana Moon: Living, Loving, Loss and Aspergers	2015	Kimberly Gerry Tucker	8	180
63	Odd Girl Out: An Autistic Woman in a Neurotypical World	2017	Laura James	11	305
64	Uncomfortable Labels: My Life as a Gay Autistic Trans Woman	2019	Laura Kate Dale	10	125
65	Pretending to be normal: Living with Asperger’s Syndrome	1999	Liane Holliday Willey	14	167
66	Carrying Autism, Feeling Language	2013	Lucy Blackman	17	166
67	Lucy’s Story: Autism and Other Adventures	2009	Lucy Blackman	10	291
68	Bittersweet on the Autism Spectrum	2017	Luke Beardon	7	153
69	Freaks, Geeks & Asperger Syndrome: A user guide to adolescence	2002	Luke Jackson	15	193
70	Spectrums: Autistic Transgender People in Their Own Words	2020	Maxfield Sparrow	6	144
71	The Game of My Life	2009	McElwain Jason	26	145
72	Asperger's From the Inside Out: A Supportive and Practical Guide for Anyone with Asperger's Syndrome	2008	Michael John Carley	15	212
73	Funny, You Don't Look Autistic: A Comedian's Guide to Life on the Spectrum	2019	Michael McCreary	7	119
74	Asperger's on the Inside	2016	Michelle Vines	4	175
75	Fearlessly Different	2022	Mickey Rowe	10	142
76	Hello, Stranger	2018	Moran Barbara	12	129
77	How Can I Talk If My Lips Don't Move?	2011	Mukhopadhyay Tito Rajarshi	10	124
78	The Reason I Jump: The Inner Voice of a Thirteen-Year-Old Boy with Autism	2016	Naoki Higashida	18	113
79	Fall Down 7 Times Get Up 8: A Young Man's Voice from the Silence of Autism	2019	Naoki Higashida	19	137
80	Send in the Idiots: Growing Up in Another World	2006	Nazeer Kamran	9	154
81	Your Life Is Not a Label: A Guide to Living Fully with Autism and Asperger's Syndrome for Parents, Professionals and You!	2001	Newport Jerry, Bass, Ron	11	312
82	Mozart and the Whale: An Asperger's Love Story	2006	Newport Jerry, Newport Mary, Dodd Johnny	6	182
83	Asperger Syndrome: A Love Story	2007	Newton Keith	15	140
84	Standing down falling up: Asperger’s Syndrome from the Inside Out	2002	Nita Jackson	11	114
85	Parallel Play	2009	Page Tim	6	103
86	What I Want To Talk About: How Autistic Interests Shape A Life	2022	Pete Wharmby	7	105
87	Blazing My Trail: Living and Thriving With Autism	2011	Rachel B. Cohen-Rottenberg	6	104
88	Overcoming Asperger's: Personal Experience and Insight	2002	Robert Sanders	13	173
89	Look Me in the Eye	2008	Robison John Elder	11	236
90	Everyday Aspergers.	2018	Samantha Craft	6	224
91	Growing in to Autism	2022	Sandra Thom-Jones	11	113
92	Drama Queen: One Autistic Woman and a Life of Unhelpful Labels	2021	Sara Gibbs	12	242
93	Aspergirls	2010	Simone Rudy	23	232
94	Beyond the Wall: Personal Experiences with Autism and Asperger Syndrome	2001	Stephen Shore	13	205
95	A Pony in the Bedroom	2015	Susan Dunne	15	273
96	Born on A Blue Day	2007	Tammet Daniel	11	132
97	The Way I See It: A Personal Look at Autism & Asperger's:	2015	Temple Grandin	13	236
98	Emergence: Labeled Autistic	1986	Temple Grandin and Margaret M. Scariano	14	152
99	Unwritten Rules of Social Relationships: Decoding Social Mysteries Through the Unique Perspectives of Autism	2017	Temple Grandin, Sean Barron	23	402
100	The Mind Tree: A Miraculous Child Breaks the Silence of Autism	2011	Tito Rajarshi Mukhopadhyay	11	108
101	Plankton Dreams: What I Learned in Special Ed	2015	Tito Rajarshi Mukhopadhyay	8	84
102	Keep Clear: my adventures with Asperger’s	2019	Tom Cutler	8	196
103	Population One: Autism, Adversity, and the Will to Succeed	2013	Tyler McNamer	11	205
104	Finding a Different Kind of Normal: Misadventures with Asperger Syndrome	2006	Yenn Purkis, Donna Williams	9	118
